affiliation,ROR_Affiliation,ROR_Name
"Institute of Environmental Physics, University of Bremen, Bremen (DE)",https://ror.org/04ers2y35,University of Bremen
"Department of Biology, High Point University, High Point, NC, USA 27268  ",https://ror.org/029qx3s09,High Point University
Caltech Library,https://ror.org/05dxps055,California Institute of Technology
SLAC National Accelerator Laboratory,https://ror.org/05gzmn429,SLAC National Accelerator Laboratory
"Department of Geological Sciences, Stanford University, Stanford, California, USA",https://ror.org/00f54p054,Stanford University
"California Institute of Technology, Pasadena, CA, USA",https://ror.org/05dxps055,California Institute of Technology
"Fujitsu FIP, Minato-ku, Tokyo (JP)",https://ror.org/00bmxak18,Fukuoka Institute of Technology
['Caltech Library'],https://ror.org/05dxps055,California Institute of Technology
"Keio University, Yokohama, Japan",https://ror.org/02kn6nx58,Keio University
Marlinks,,
"University College London, Institute of Healthy Ageing and Department of Genetics, Evolution & Environment, London, U.K.",https://ror.org/02jx3x895,University College London
"School of Biological Sciences, Illinois State University, Normal, Illinois",https://ror.org/050kcr883,Illinois State University
Stanford,https://ror.org/00f54p054,Stanford University
Microsoft Research,https://ror.org/02w7f3w92,Microsoft Research (India)
"Caltech, JPL",,
"Climate and Atmosphere Research Center, The Cyprus Institute, Nicosia (CY)",https://ror.org/01q8k8p90,Cyprus Institute
"Seismological Laboratory, California Institute of Technology, Pasadena, CA(US)",https://ror.org/05dxps055,California Institute of Technology
"Caltech, Department of Computing and Mathematical Sciences",https://ror.org/05dxps055,California Institute of Technology
"Jet Propulsion Laboratory, Pasadena, CA (US)",https://ror.org/027k65916,Jet Propulsion Lab
"Lawrence Berkeley National Laboratory, Berkeley, California, USA",https://ror.org/02jbv0t02,Lawrence Berkeley National Laboratory
"GSMA, Université de Reims Champagne-Ardenne, UMR 7331-GSMA, 51687 Reims, France",https://ror.org/03hypw319,University of Reims Champagne-Ardenne
Harvard University,https://ror.org/03vek6s52,Harvard University
University of Heidelberg,https://ror.org/038t36y30,Heidelberg University
"UCAR Center for Science Education, Boulder, CO (US)",https://ror.org/04zhhyn23,University Corporation for Atmospheric Research
"Instituto Gulbenkian de Ciência, Oeiras, Portugal",https://ror.org/04b08hq31,Instituto Gulbenkian de CiÃªncia
Hokkaido University,https://ror.org/02e16g702,Hokkaido University
Caltech,https://ror.org/05dxps055,California Institute of Technology
European Bioinformatics Institute (EMBL-EBI),https://ror.org/044w3nw43,Bioinformatics Institute
"Caltech, Aerosol Dynamics Inc.",,
PNNL,https://ror.org/05h992307,Pacific Northwest National Laboratory
"Department of Cellular and Molecular Medicine, UC San Diego, La Jolla, CA",https://ror.org/0168r3w48,"University of California, San Diego"
The University of British Columbia,https://ror.org/03rmrcq20,University of British Columbia
University of Chicago,https://ror.org/024mw5h28,University of Chicago
"Owens Valley Radio Observatory, UC Berkeley",,
"National Oceanic and Atmospheric Administration, Earth System Research Laboratory",,
"Babraham Institute, Babraham Research Campus, Cambridge, UK",https://ror.org/01d5qpn59,Babraham Institute
Janelia,https://ror.org/013sk6x84,Janelia Research Campus
Loughborough University,https://ror.org/04vg4w365,Loughborough University
"Department of Bioengineering, Department of Chemistry and Biochemistry, and California NanoSystems Institute, University of California Los Angeles",,
National Center for Atmospheric Research,https://ror.org/05cvfcr44,National Center for Atmospheric Research
"University of Colorado / NOAA, Boulder, CO (US)",https://ror.org/02ttsq026,University of Colorado Boulder
n/a,,
Louisiana State University,https://ror.org/05ect4e57,Louisiana State University
"University of Trento, Italy",https://ror.org/05trd4x28,University of Trento
"National Institute for Environmental Studies (NIES), Onogawa 16-2, Tsukuba, Ibaraki 305-8506 (JP)",https://ror.org/02hw5fp67,National Institute for Environmental Studies
"Ivy Tech Community College, Indianapolis, IN (US)",https://ror.org/00mvndc02,Ivy Tech Community College of Indiana
ELSI,,
"Division of Geological and Planetary Sciences, California Institute of Technology, Pasadena, CA, USA",https://ror.org/05dxps055,California Institute of Technology
"Environment and Climate Change Canada, Downsview, ON (CA)",https://ror.org/026ny0e17,Environment and Climate Change Canada
"Nagoya University, Nagoya (JP)",https://ror.org/04chrp450,Nagoya University
"National Institute for Environmental Studies (NIES), Onogawa 16-2, Tsukuba, Ibaraki 305-8506, Japan (JP)",https://ror.org/02hw5fp67,National Institute for Environmental Studies
"Current affiliation: Molecular Pathology, International Centre for Genetic Engineering and Biotechnology, Padriciano 99, Trieste 34149, Italy",https://ror.org/043bgf219,International Centre for Genetic Engineering and Biotechnology
"Djavad Mowafaghian Centre for Brain Health, University of British Columbia, 2211 Wesbrook Mall, Vancouver, British Columbia V6T 2B5, Canada",https://ror.org/03rmrcq20,University of British Columbia
California Institute of Technology Library,https://ror.org/05dxps055,California Institute of Technology
"University of Toronto, Toronto, Ontario (Canada)",https://ror.org/03dbr7087,University of Toronto
"University of Toronto, Toronto, Canada",https://ror.org/03dbr7087,University of Toronto
"School of Environmental and Life Sciences, Faculty of Science, University of Newcastle, Newcastle, NSW (AU)",https://ror.org/00eae9z71,University of Newcastle Australia
Pasadena Public Health Department,https://ror.org/04thj7y95,"Public Health Department (Pasadena, CA)"
"University of Michigan, Ann Arbor, MI (US)",https://ror.org/00jmfr291,University of Michigan–Ann Arbor
Caltech and Aerosol Dynamics Inc.,,
"Karlsruhe Institute of Technology (KIT), Institute of Meteorology and Climate Research (IMK-IFU), Garmisch-Partenkirchen (DE)",https://ror.org/04t3en479,Karlsruhe Institute of Technology
Univ. Grenoble Alpes,https://ror.org/02rx3b187,Grenoble Alpes University
"National Institute of Water and Atmospheric Research Ltd (NIWA), Lauder (NZ) ",https://ror.org/04hxcaz34,National Institute of Water and Atmospheric Research
"Institut de Physique du Globe de Paris, Observatoire magnétique de Chambon la Forêt, Cambon la Forêt (FR)",https://ror.org/004gzqz66,Institut de physique du globe de Paris
"University of Wollongong, Wollongong, Australia.",https://ror.org/00jtmb277,University of Wollongong
"Atmospheric Science Branch, NASA Ames Research Center, Moffett Field, CA (US)",https://ror.org/02acart68,Ames Research Center
" Division of Biology and Biological Engineering, California Institute of Technology",https://ror.org/05dxps055,California Institute of Technology
"AWIPEV Arctic Research Base, Ny-Ålesund, Svalbard, Norway (NO)",https://ror.org/032e6b942,Alfred Wegener Institute for Polar and Marine Research
ETH Zürich,https://ror.org/05a28rw58,ETH Zurich
NYU Medical Center,https://ror.org/005dvqh91,New York University Langone Medical Center
"Boston University, Boston, MA, USA",https://ror.org/05qwgg493,Boston University
JAX,https://ror.org/021sy4w91,Jackson Laboratory
"Department of Microbiology, University of Georgia, Athens, GA, USA 30602 ",https://ror.org/02bjhwk41,University of Georgia
UCSD,https://ror.org/0168r3w48,"University of California, San Diego"
"Instituto de Biociencias, Biotecnología y Biología Traslacional (iB3), Facultad de Ciencias Exactas y Naturales, Universidad de Buenos Aires, Buenos Aires, Argentina",https://ror.org/0081fs513,University of Buenos Aires
Tu Darmstadt,https://ror.org/05n911h24,Technical University of Darmstadt
Rice University and Caltech,https://ror.org/05dxps055,California Institute of Technology
"'Finnish Meteorological Institute, Sodankylä (FI)",https://ror.org/05hppb561,Finnish Meteorological Institute
Icelandic Meteorological Office,https://ror.org/02hj34779,Icelandic Meteorological Office
"Bourns College of Engineering, Center for Environmental Research and Technology, Riverside, CA, USA ; Department of Chemical and Environmental Engineering, University of California, Riverside, CA, USA ",https://ror.org/03nawhv43,"University of California, Riverside"
"Wellington, New Zealand. ",,
Environment and Climate Change Canada,https://ror.org/026ny0e17,Environment and Climate Change Canada
"Institute for Geophysics, University of Texas ",https://ror.org/00hj54h04,The University of Texas at Austin
Cornell University,https://ror.org/05bnh6r87,Cornell University
Clatech,https://ror.org/05dxps055,California Institute of Technology
Lawrence Berkeley National Laboratory,https://ror.org/02jbv0t02,Lawrence Berkeley National Laboratory
"BIOTEC, Technical University Dresden",,
Seismological Laboratory,https://ror.org/05dxps055,California Institute of Technology
Vanderbilt University,https://ror.org/02vm5rt34,Vanderbilt University
JPL/Caltech,,
"Jet Propulsion Laboratory, California Institute of Technology, Pasadena, CA, USA.",,
Caltech / JPL,,
"Division of Geological and Planetary Sciences, California Institute of Technology, Pasadena, CA, USA; Division of Engineering and Applied Science, California Institute of Technology, Pasadena, CA, USA",https://ror.org/05dxps055,California Institute of Technology
UC Davis,https://ror.org/05rrcem69,"University of California, Davis"
University of Alabama,https://ror.org/03xrrjk67,University of Alabama
"Eidgenössische Technische Hochschule Zürich, Department of Health Sciences and Technology, Institute of Translational Medicine, 8603 Schwerzenbach-Zürich, Switzerland",https://ror.org/05a28rw58,ETH Zurich
National Intitutes of Health,https://ror.org/01cwqze88,National Institutes of Health
Colorado College,https://ror.org/03tg3h819,Colorado College
"Division of Geological & Planetary Sciences, California Institute of Technology ",https://ror.org/05dxps055,California Institute of Technology
"Jet Propulsion Laboratory, Pasadena, Caltech CA (US)",https://ror.org/027k65916,Jet Propulsion Lab
UCSB,https://ror.org/02t274463,"University of California, Santa Barbara"
"Institute of Space and Astronautical Science, Japan Aerospace Exploration Agency, Yoshinodai, Chuo-ku, Sagamihara, Kanagawa, Japan",,
"Molecular Biology Laboratory, Veer Bahadur Singh Purvanchal University, Jaunpur- 222003, Uttar Pradesh, India.",https://ror.org/0560jvm78,Veer Bahadur Singh Purvanchal University
"The University of Utah, Salt Lake City, UT, USA",https://ror.org/03r0ha626,University of Utah
W. M. Keck Science,https://ror.org/05sy8gb82,W.M. Keck Science Center
"School of Earth, Atmospheric, and Life Sciences, University of Wollongong (NSW 2522, Australia)",https://ror.org/00jtmb277,University of Wollongong
Los Alamos National Laboratory,https://ror.org/01e41cf67,Los Alamos National Laboratory
"Université Côte d’Azur, IRD, CNRS, Observatoire de la Côte d’Azur, Géoazur",https://ror.org/039fj2469,Observatoire de la CÃ´te dâ€™Azur
"Univ. of Alabama, Tuscaloosa, AL, USA",https://ror.org/03xrrjk67,University of Alabama
California Institute of Technology,https://ror.org/05dxps055,California Institute of Technology
" Department of Computing & Mathematical Sciences, Caltech",https://ror.org/05dxps055,California Institute of Technology
"Seismological Laboratory, Division of Geological and Planetary Sciences, California Institute of Technology",https://ror.org/05dxps055,California Institute of Technology
"Department of Astrophysical & Planetary Sciences and Laboratory for Atmospheric & Space Physics, University of Colorado",,
Alpes,https://ror.org/02rx3b187,Grenoble Alpes University
University of Alcala de Henares,https://ror.org/04pmn0e78,University of Alcalá
Jet Propulsion Laboratory,https://ror.org/027k65916,Jet Propulsion Lab
Owens Valley Radio Observatory,https://ror.org/05dxps055,California Institute of Technology
"Department of Precision Machinery and Precision Instrumentation, University of Science and Technology of China, Hefei(CN)",https://ror.org/04c4dkn09,University of Science and Technology of China
"Department of Applied Physics, California Institute of Technology and Department of Electrical Engineering, California Institute of Technology",https://ror.org/05dxps055,California Institute of Technology
National Institute for Environmental Studies,https://ror.org/02hw5fp67,National Institute for Environmental Studies
"(NIES), Onogawa 16-2, Tsukuba, Ibaraki 305-8506 (JP)",https://ror.org/02hw5fp67,National Institute for Environmental Studies
"University of Colorado, Boulder",https://ror.org/02ttsq026,University of Colorado Boulder
"Department of Physics and Astronomy, Northern Arizona University",https://ror.org/0272j5188,Northern Arizona University
"Division of Geological and Planetary Sciences, California Institute of Technology, Pasadena, California,",https://ror.org/05dxps055,California Institute of Technology
"Satellite Observation Center, National Institute for Environmental Studies (NIES), Tsukuba, Ibaraki (JP)",https://ror.org/02hw5fp67,National Institute for Environmental Studies
"Department of Earth Sciences, University of Oxford, Oxford(UK)",https://ror.org/052gg0110,University of Oxford
"Department of Biological Sciences, Seoul National University, Seoul, Korea",https://ror.org/04h9pn542,Seoul National University
"Division of Biology and Biological Engineering, California Institute of Technology",https://ror.org/05dxps055,California Institute of Technology
Brown,https://ror.org/05gq02987,Brown University
"Institute of Atmospheric Physics, Chinese Academy of Sciences, Beijing, China",,
"Caltech, HHMI",,
Franklin & Marshall College,https://ror.org/04fp4ps48,Franklin & Marshall College
"University of Toronto, ON (CA)",https://ror.org/03dbr7087,University of Toronto
Arizona State University,https://ror.org/03efmqc40,Arizona State University
"Mills College, Oakland, CA USA",https://ror.org/01ynb8e46,Mills College
"European Bioinformatics Institute (EBI), Hinxton, UK",https://ror.org/02catss52,European Bioinformatics Institute
Johns Hopkins University,https://ror.org/00za53h95,Johns Hopkins University
University of Cambridge,https://ror.org/013meh722,University of Cambridge
"Department of Molecular Biosciences, Northwestern University, Evanston, IL, USA",https://ror.org/000e0be47,Northwestern University
"Global Monitoring Division, NOAA Earth System Research Laboratory",https://ror.org/033tt8e33,Earth System Research Laboratory
University of Texas; Caltech,https://ror.org/05dxps055,California Institute of Technology
Aerosol Dynamics Inc.,https://ror.org/047mw6m75,
Northrop Grumann,https://ror.org/05kewds18,Northrop Grumman (United States)
"Jet Propulsion Laboratory, California Institute of Technology, Pasadena, CA (US)",,
"University of Toronto, Toronto (CA)",https://ror.org/03dbr7087,University of Toronto
Leibniz Institute of Plant Genetics and Crop Plant Research (IPK),https://ror.org/02skbsp27,Leibniz Institute of Plant Genetics and Crop Plant Research
"European Molecular Biology Laboratory, European Bioinformatics Institute, Wellcome Trust Genome Campus, Hinxton, Cambridge CB10 1SD, UK",https://ror.org/02catss52,European Bioinformatics Institute
"Rikubetsu Integrated Stratospheric Observation Center, National Institute for Environmental Studies (NIES), Rikubetsu, Hokkaido (JP)",https://ror.org/02hw5fp67,National Institute for Environmental Studies
"Fujitsu Japan, Tokyo (JP)",https://ror.org/038e2g226,Fujitsu (Japan)
"National Institute for Environmental Studies (NIES), Tsukuba (JP)",https://ror.org/02hw5fp67,National Institute for Environmental Studies
The Aerospace Corporation,https://ror.org/01ar9e455,The Aerospace Corporation
"California Institute of Technology, Pasadena, CA, USA.",https://ror.org/05dxps055,California Institute of Technology
"Department of Experimental and Health Sciences, Universitat Pompeu Fabra, 08003 Barcelona, Spain",https://ror.org/04n0g0b29,Pompeu Fabra University
"The University of Alabama, Tuscaloosa, AL 35487",https://ror.org/03xrrjk67,University of Alabama
National Institute of Child Health and Human Development,https://ror.org/04byxyr05,Eunice Kennedy Shriver National Institute of Child Health and Human Development
"Department of Microbiology, University of Georgia, Athens, GA, USA 30602",https://ror.org/02bjhwk41,University of Georgia
"Department of Genetics, Stanford University, Palo Alto, CA 94305",https://ror.org/00f54p054,Stanford University
Institut de Recherche en Astrophysique et Planétologie,https://ror.org/05hm2ja81,Research Institute in Astrophysics and Planetology
Kyushu University,https://ror.org/00p4k0j84,Kyushu University
DeSales University,https://ror.org/02gag4781,DeSales University
"National Institute of Meteorological Sciences, Seogwipo-si (KR)",https://ror.org/04m2hj141,National Institute of Meteorological Sciences
"National Astronomical Research Institute of Thailand, Chiang Mai (TH)",https://ror.org/027rw9342,National Astronomical Research Institute of Thailand
"China University of Geoscience, Beijing",https://ror.org/04gcegc37,China University of Geosciences
"Department of Biological Sciences, University of Illinois at Chicago",https://ror.org/02mpq6x41,University of Illinois at Chicago
"Department of Biomedical Science, Colorado State University, Fort Collins, Colorado 80523 ",https://ror.org/03k1gpj17,Colorado State University
University of Copenhagen,https://ror.org/035b05819,University of Copenhagen
University of Heildelberg,https://ror.org/038t36y30,Heidelberg University
Scripps College,https://ror.org/00p55jd14,Scripps College
"Fujitsu FIP, Tokyo (JP)",https://ror.org/038e2g226,Fujitsu (Japan)
Caltech Jet Propulsion Laboratory,https://ror.org/027k65916,Jet Propulsion Lab
Universität Basel,https://ror.org/02s6k3f65,University of Basel
"Los Alamos National Laboratory, Los Alamos NM",https://ror.org/01e41cf67,Los Alamos National Laboratory
Amazon,https://ror.org/04mv4n011,Amazon (United States)
"Planetary Science Institute, Tucson, Arizona, USA",https://ror.org/05vvg9554,Planetary Science Institute
"Laboratoire de l'Atmosphère et des Cyclones (LACy), Université de la Réunion, UMR CNRS-Météo-France 8105, Saint-Denis de la Réunion (FR)",https://ror.org/03wsemq03,Laboratoire de l'Atmosphère et des Cyclones
"Key Laboratory of Environmental Optics and Technology, Anhui Institute of Optics and Fine Mechanics, Chinese Academy of Sciences, Hefei(CN)",,
"LERMA, CNRS, Paris (FR)",,
"Royal Belgian Institute for Space Aeronomy, Brussels (BE)",https://ror.org/03vfw8w96,Royal Belgian Institute for Space Aeronomy
UCLA/Caltech,,
University of Southampton,https://ror.org/01ryk1543,University of Southampton
"Los Alamos National Laboratory, Los Alamos, NM (US)",https://ror.org/01e41cf67,Los Alamos National Laboratory
Universitat de Barcelona,https://ror.org/021018s57,University of Barcelona
HHMI,https://ror.org/006w34k90,Howard Hughes Medical Institute
The Observatories of Carnegie Institute of Science,https://ror.org/03h4zjr91,Carnegie Observatories
Environment and Climate Change Canada (CA),https://ror.org/026ny0e17,Environment and Climate Change Canada
"Caltech, ANU",,
"Biochemistry and Biophysics Center, National Heart, Lung and Blood Institute, 50 South Drive, Bethesda, Maryland, 20892-8012, United States",https://ror.org/012pb6c26,National Heart Lung and Blood Institute
"Instituto de Investigação e Inovação em Saúde, Universidade do Porto, Porto, Portugal; IBMC - Instituto de Biologia Molecular e Celular, Universidade do Porto, Porto, Portugal",https://ror.org/043pwc612,University of Porto
"Division of Chemistry and Chemical Engineering, California Institute of Technology, Pasadena, CA, USA",https://ror.org/05dxps055,California Institute of Technology
"National Institute of Water and Atmospheric Research Ltd (NIWA), Lauder (NZ)",https://ror.org/04hxcaz34,National Institute of Water and Atmospheric Research
"Bourns College of Engineering, Center for Environmental Research and Technology, Riverside, CA, USA ",https://ror.org/03nawhv43,"University of California, Riverside"
Independent,,
"Department of Planetary Sciences, University of Arizona, Tucson, AZ, USA",https://ror.org/03m2x1q45,University of Arizona
"University of California, San Diego, La Jolla, CA, USA",https://ror.org/0168r3w48,"University of California, San Diego"
World Wildlife Fund,https://ror.org/011590k05,World Wide Fund for Nature
"California Institute of Technology, Division of Biology and Biological Engineering",https://ror.org/05dxps055,California Institute of Technology
UCR,https://ror.org/03nawhv43,"University of California, Riverside"
UCLA,https://ror.org/046rm7j60,"University of California, Los Angeles"
"Department of Molecular Biosciences, University of Kansas",https://ror.org/001tmjg57,University of Kansas
"Jet Propulsion Laboratory, California Institute of Technology",,
"Izaña Atmospheric Research Center, Agencia Estatal de Meteorología (AEMET), Santa Cruz de Tenerife (ES)",https://ror.org/04kxf1r09,Agencia Estatal de Meteorología
University of Southern California,https://ror.org/03taz7m60,University of Southern California
First Philipine Holdings (PH),,
Universidad Nacional de Ucayali,https://ror.org/02rp4gd98,Universidad Nacional de Ucayali
United States Geological Survey,https://ror.org/035a68863,United States Geological Survey
"Howard Hughes Medical Institute, Division of Biology and Biological Engineering, California Institute of Technology, 1200 East California Boulevard, Pasadena, CA 91125, USA.",,
"FlyBase, Department of Physiology, Development and Neuroscience, University of Cambridge, Cambridge, CB2 3DY, UK",https://ror.org/013meh722,University of Cambridge
"Fujitsu Japan, Minato-ku, Tokyo (JP)",https://ror.org/038e2g226,Fujitsu (Japan)
"Caltech, Division of Geological and Planetary Sciences ",https://ror.org/05dxps055,California Institute of Technology
TCCON Consortium,,
"Laboratoire des Sciences du Climat et de l'Environnement, Gif-sur-Yvette (FR)",https://ror.org/03dsd0g48,Laboratoire des Sciences du Climat et de l'Environnement
"Max Planck Institute for Biogeochemistry, Jena, Germany.",https://ror.org/051yxp643,Max Planck Institute for Biogeochemistry
"Fundación Instituto Leloir, Buenos Aires, Argentina",https://ror.org/0431v7h69,Fundación Instituto Leloir
Berkeley,https://ror.org/01an7q238,"University of California, Berkeley"
"Mills College, Oakland CA USA",https://ror.org/01ynb8e46,Mills College
State University of New York,https://ror.org/01q1z8k08,State University of New York
NYU Abu Dhabi,https://ror.org/00e5k0821,New York University Abu Dhabi
"State Key Laboratory of Advanced Optical Communication Systems and Networks, School of Physics and Astronomy, Shanghai Jiao Tong University",https://ror.org/0220qvk04,Shanghai Jiao Tong University
The University of Chicago,https://ror.org/024mw5h28,University of Chicago
"Aix Marseille Univ, INSERM, CNRS, CIML, Turing Centre for Living Systems, Marseille, France",,
"Department of Electrical Engineering, Stanford University",https://ror.org/00f54p054,Stanford University
"Hammelman Communications, Pagosa Springs, CO (US)",,
TU Darmstadt,https://ror.org/05n911h24,Technical University of Darmstadt
"Division of Geological and Planetary Sciences, Caltech, Pasadena, Ca 91125, USA",https://ror.org/05dxps055,California Institute of Technology
"Applied Physics and Materials Science, California Institute of Technology",https://ror.org/05dxps055,California Institute of Technology
Caltech Optical Observatories,https://ror.org/05dxps055,California Institute of Technology
Cambridge University,https://ror.org/013meh722,University of Cambridge
"School of Engineering and Applied Sciences, Harvard University, Cambridge, MA (USA)",https://ror.org/03vek6s52,Harvard University
"Ariane Tracking Station, Ascension Island (SH)",https://ror.org/03wd9za21,European Space Agency
University of Toulouse,https://ror.org/004raaa70,Federal University of Toulouse Midi-Pyrénées
Windward School Department of Science and Technology,,
Planetary Science Institute,https://ror.org/05vvg9554,Planetary Science Institute
Eidgenössische Technische Hochschule Zürich,https://ror.org/05a28rw58,ETH Zurich
"Marquette University, Milwaukee, WI, USA",https://ror.org/04gr4te78,Marquette University
NASA Jet Propulsion Laboratory,https://ror.org/027k65916,Jet Propulsion Lab
"Department of Molecular and Cellular Pharmacology, University of Miami Miller School of Medicine, Miami, FL, USA 33101",https://ror.org/02dgjyy92,University of Miami
"Ludwig-Maximilians-Universität München, Lehrstuhl für Physik der Atmosphäre, Munich (DE)",https://ror.org/05591te55,Ludwig-Maximilians-Universität München
"Jagiellonian University in Kraków, Institute of Environmental Sciences, Poland",https://ror.org/03bqmcz70,Jagiellonian University
China University of Geosciences (Beijing),https://ror.org/04gcegc37,China University of Geosciences
"DOE ARM Facility Southern Great Plains Site, Billings, OK (US)",https://ror.org/01bj3aw27,United States Department of Energy
Caltech/JPL,,
Caltech; UC Irvine,,
Toyota Research Institute,,
"Consejo Nacional de Investigaciones Científicas y Tecnológicas (CONICET), Argentina",https://ror.org/03cqe8w59,National Scientific and Technical Research Council
Northwestern University,https://ror.org/000e0be47,Northwestern University
"Jet Propulstion Laboraory, Caltech",,
Universite Grenoble Alpes,https://ror.org/02rx3b187,Grenoble Alpes University
"University of Heidelberg, UCLA",https://ror.org/038t36y30,Heidelberg University
"LESIA, Observatoire de Paris, Université PSL, CNRS, Sorbonne Université, Université de Paris, 5 place Jules Janssen, 92195 Meudon, France",https://ror.org/02eptjh02,Laboratory of Space Studies and Instrumentation in Astrophysics
"California Institute of Technology, Pasadena, CA, U.S.A.",https://ror.org/05dxps055,California Institute of Technology
"Wyoming INBRE Bioinformatics Core, University of Wyoming",https://ror.org/01485tq96,University of Wyoming
"BC Scientific Consulting, Stony Brook, NY (US)",,
"Saga University, Saga (JP)",https://ror.org/04f4wg107,Saga University
" Division of Geological & Planetary Sciences, California Institute of Technology",https://ror.org/05dxps055,California Institute of Technology
NORSAR,https://ror.org/02vw8cm83,Norsar
"Caltech, Sorbonne Université",https://ror.org/02en5vm52,Sorbonne University
"Ecole polytechnique, LMS, CNRS",,
"Department of Electrical Engineering, California Institute of Technology",https://ror.org/05dxps055,California Institute of Technology
Jet Propulsion Lab Caltech,,
" Seismological Laboratory, California Institute of Technology, Pasadena, CA(US)",https://ror.org/05dxps055,California Institute of Technology
"The University of Alabama, Tuscaloosa, AL USA",https://ror.org/03xrrjk67,University of Alabama
"Department of Physics, University of Toronto, Toronto, ON (CA)",https://ror.org/03dbr7087,University of Toronto
"Seismological Laboratory, California Institute of Technology",https://ror.org/05dxps055,California Institute of Technology
"Department of Physics & Atmospheric Science, Dalhousie University, Halifax, NS (CA)",https://ror.org/01e6qks80,Dalhousie University
"Theoretical Quantum Physics Laboratory, RIKEN and Department of Physics, University of Michigan",https://ror.org/00jmfr291,University of Michigan–Ann Arbor
"LERMA, Observatoire de Paris - PSL Research University, Paris (FR)",,
"California Institute of Techonolgy, Pasadena, CA (US)",https://ror.org/05dxps055,California Institute of Technology
Colorado School of Mines,https://ror.org/04raf6v53,Colorado School of Mines
Institute Laue-Langevin and University of Grenoble Alpes,,
"Department of Molecular Reproduction, Development and Genetics, Indian Institute of Science, Bangalore, India 560012",https://ror.org/04dese585,Indian Institute of Science Bangalore
University of Pennsylvania,https://ror.org/00b30xv10,University of Pennsylvania
"['California Institute of Technology, Pasadena, CA (US)']",https://ror.org/05dxps055,California Institute of Technology
"University of Toronto, Toronto, Ontario (CAN)",https://ror.org/03dbr7087,University of Toronto
"Karolinska Institute, Caltech",https://ror.org/056d84691,Karolinska Institute
Cedars-Sinai Medical Center,https://ror.org/02pammg90,Cedars-Sinai Medical Center
"Canadian Mennonite University, 500 Shaftesbury Blvd, Winnipeg, MB R3P 2N2",https://ror.org/046qgfw50,Canadian Mennonite University
Institut Laue-Langevin and Univ. Grenoble Alpes,,
"Istituto di Astrofisica e Planetologia Spaziali-Istituto Nazionale di Astrofisica, Roma, Italy",https://ror.org/0141xw169,Institute for Space Astrophysics and Planetology
JPL,https://ror.org/027k65916,Jet Propulsion Lab
Yale School of Medicine,https://ror.org/03v76x132,Yale University
University of Delaware,https://ror.org/01sbq1a82,University of Delaware
UC Boulder,https://ror.org/02ttsq026,University of Colorado Boulder
"Cooperative Institute for Research in the Atmosphere, Colorado State University, Fort Collins, CO, USA",https://ror.org/03k1gpj17,Colorado State University
"Karlsruhe Institute of Technology (KIT), Institute of Meteorology and Climate Research (IMK-ASF), Karlsruhe (DE)",https://ror.org/04t3en479,Karlsruhe Institute of Technology
Weizmann Institute of Science,https://ror.org/0316ej306,Weizmann Institute of Science
"California Institute of Technology, Pasadena, CA (US)",https://ror.org/05dxps055,California Institute of Technology
Weizmann Institute,https://ror.org/0316ej306,Weizmann Institute of Science
"University of Toronto, Toronto, ON, CAN",https://ror.org/03dbr7087,University of Toronto
"Jet Propulsion Laboratory, California Institute of Technology, Pasadena, CA 91109, USA",,
University of Plymouth,https://ror.org/008n7pv89,University of Plymouth
"Deutsches Zentrum für Luft- und Raumfahrt, Institut für Physik der Atmosphäre, Oberpfaffenhofen (DE)",https://ror.org/04bwf3e34,German Aerospace Center
Northwestern,https://ror.org/000e0be47,Northwestern University
"Research Institute of Basic Sciences, Seoul National University, Seoul, Korea",https://ror.org/04h9pn542,Seoul National University
"LERMA, Sorbonne Universités - UPMC Univ Paris 06, Paris (FR)‌‌‌‌‌‌‌‏‏‎‬",,
"Caltech, Mechanical and Civil Engineering",https://ror.org/05dxps055,California Institute of Technology
Columbia University,https://ror.org/00hj8s172,Columbia University
University of Washington,https://ror.org/00cvxb145,University of Washington
"NASA Jet Propulsion Laboratory / Columbus Technologies, Inc. / Columbia University",,
"Stockholm University, Stockholm (SE)",https://ror.org/05f0yaq80,Stockholm University
"Université Côte d’Azur, IRD, CNRS, Observatoire de la Côte d’Azur, Géoazur, Institut Universitaire de France",,
"Normal University High School, Normal, Illinois",,
Energy Development Corporation (PH),,
"Deutscher Wetterdienst, Hohenpeissenberg, Germany (DE) and School of Earth, Atmospheric and Life Sciences, University of Wollongong, Wollongong, NSW (AU)",,
"NASA Jet Propulsion Laboratory, California Institute of Technology, Pasadena, CA",,
California State University Fullerton,https://ror.org/02avqqw26,"California State University, Fullerton"
Microsoft,https://ror.org/00d0nc645,Microsoft (United States)
"Department of Biology, High Point University, High Point, NC, USA 27268",https://ror.org/029qx3s09,High Point University
"Johns Hopkins Applied Physics Laboratory, Laurel, MD, USA",https://ror.org/029pp9z10,Johns Hopkins University Applied Physics Laboratory
Nevada State College,https://ror.org/0081xr281,Nevada State College
"Bureau of Meteorology, Darwin, NT (AU)",https://ror.org/04dkp1p98,Bureau of Meteorology
"Finnish Meteorological Institute, Sodankylä (FI)",https://ror.org/05hppb561,Finnish Meteorological Institute
"Howard Hughes Medical Institute, Division of Biology and Biological Engineering, California Institute of Technology",,
Caltech - Jet Propulsion Laboratory,,
Center for Bioinformatics Tübingen,https://ror.org/03a1kwz48,University of Tübingen
CIRA/ Colorado State University,https://ror.org/03k1gpj17,Colorado State University
"Japan Aerospace Exploration Agency (JAXA), Tsukuba (JP)",https://ror.org/059yhyy33,Japan Aerospace Exploration Agency
"University of Bern, ETH Zurich",,
RIKEN Center for Biosystems Dynamics Research,https://ror.org/023rffy11,RIKEN Center for Biosystems Dynamics Research
"NASA Armstrong Flight Research Center, Edwards, CA (US)",https://ror.org/03em45j53,Armstrong Flight Research Center
"Royal Belgian Institute for Space Aeronomy, Brussels (BE),",https://ror.org/03vfw8w96,Royal Belgian Institute for Space Aeronomy
"Institute of Atmospheric Physics, Chinese Academy of Sciences, Beijing (CN)",https://ror.org/0424h4e32,Institute of Atmospheric Physics
Kansas State University,https://ror.org/05p1j8758,Kansas State University
Swarthmore College,https://ror.org/012dg8a96,Swarthmore College
"Centre for Atmospheric Chemistry, University of Wollongong, Wollongong, NSW (AU)",https://ror.org/00jtmb277,University of Wollongong
"Harvard University, Cambridge, MA (US)",https://ror.org/03vek6s52,Harvard University
"Xianghe Observatory of Whole Atmosphere, Institute of Atmospheric Physics, Chinese Academy of Sciences, Xianghe, China",https://ror.org/0424h4e32,Institute of Atmospheric Physics
"Jet Propulsion Laboratory, California Institute of Technology, Pasadena, CA, USA",,
Texas A&M University,https://ror.org/01f5ytq51,Texas A&M University
"Department of Life Science, Faculty of Science and Engineering, Setsunan University, Neyagawa, Osaka 572-8508, Japan",https://ror.org/0418a3v02,Setsunan University
Rensselaer Polytechnic Institute,https://ror.org/01rtyzb94,Rensselaer Polytechnic Institute
"Department of Chemistry, University of California, Irvine, CA, USA",https://ror.org/04gyf1771,"University of California, Irvine"
"Institute of Environmental Physics, University of Bremen, Bremen (DE), Centre for Atmospheric Chemistry, School of Chemistry, University of Wollongong, Wollongong, NSW (AU)",,
Oregon State University,https://ror.org/00ysfqy60,Oregon State University
"Wisconsin Educational Communications Board, WLEF, Park Falls, WI (US)",https://ror.org/04drdpz74,Wisconsin Educational Communications Board
CalTech,https://ror.org/05dxps055,California Institute of Technology
"Division of Geological and Planetary Sciences, California Institute of Technology, Pasadena, California, USA",https://ror.org/05dxps055,California Institute of Technology
"AeroMeteo Service, Białystok (PL)",,
"Institute of Environmental Physics, University of Bremen, Bremen (DE);",https://ror.org/04ers2y35,University of Bremen
University of Wyoming,https://ror.org/01485tq96,University of Wyoming
Princess Margaret Cancer Centre,https://ror.org/01tajhr18,Princess Margaret Hospital
"Department of Physics & Atmospheric Science, Dalhousie University, Halifax, NS, CA",https://ror.org/01e6qks80,Dalhousie University
Space Science Institute,https://ror.org/046a9q865,Space Science Institute
"Embryology: Concepts & Techniques in Modern Developmental Biology, Marine Biological Laboratory, Woods Hole, MA, 02543; University of Alabama at Birmingham, Birmingham, AL 35294",,
"Department of Experimental and Health Sciences, Universitat Pompeu Fabra",https://ror.org/04n0g0b29,Pompeu Fabra University
"National Center for Atmospheric Research, Boulder, CO (US)",https://ror.org/05cvfcr44,National Center for Atmospheric Research
"UC Davis, Caltech",,
"Earth-Life Science Institute, Tokyo Institute of Technology, Ookayama, Meguro-ku, Tokyo, Japan",,
Brigham Young University,https://ror.org/047rhhm47,Brigham Young University
Cornell,https://ror.org/05bnh6r87,Cornell University
"University of Science and Technology, China",https://ror.org/02czkny70,Hefei University of Technology
University of Bern,https://ror.org/02k7v4d05,University of Bern
University of Texas,https://ror.org/00hj54h04,The University of Texas at Austin
"Laboratoire d'Etudes  du Rayonnement et de la Matière en Astrophysique et Atmosphères (LERMA), Sorbonne Université, CNRS, Paris (FR)",,
Calech,https://ror.org/05dxps055,California Institute of Technology
Bowdoin College,https://ror.org/03gh96r95,Bowdoin College
"Division of Biology and Biological Engineering, California Institute of Technology, 1200 East California Boulevard, Pasadena, CA 91125, USA.",https://ror.org/05dxps055,California Institute of Technology
University of Wisconsin-Milwaukee,https://ror.org/031q21x57,University of Wisconsin-Milwaukee
"Centre for Atmospheric Chemistry, School of Chemistry, University of Wollongong, Wollongong, NSW (AU)",https://ror.org/00jtmb277,University of Wollongong
"Unité Mixte de Service (UMS 3365), Observatoire des Sciences de l’Univers à La Réunion (OSU-R), Université de la Réunion, Saint-Denis de la Réunion (FR)",,
"NASA Ames Research Center, Moffett Field, CA (US)",https://ror.org/02acart68,Ames Research Center
University of Toronto,https://ror.org/03dbr7087,University of Toronto
JPL-Caltech,,
"Max Planck Institute for Biogeochemistry, Jena (DE)",https://ror.org/051yxp643,Max Planck Institute for Biogeochemistry
"Pacific Northwest National Laboratory, Richland, WA (US)",https://ror.org/05h992307,Pacific Northwest National Laboratory
"Department of Applied Physics, California Institute of Technology",https://ror.org/05dxps055,California Institute of Technology
"INAF-IAPS, Via del Fosso del Cavaliere, Rome, Italy",https://ror.org/02gh4kt33,National Institute for Astrophysics
UNC,https://ror.org/0130frc33,University of North Carolina at Chapel Hill
"1 Department of Neurology and Neurosurgery, McGill University, Montreal, Quebec, Canada 2 Metabolic Disorders and Complications Program, and Brain Repair and Integrative Neuroscience Program, Research Institute of the McGill University Health Centre, Montreal, Quebec, Canada 3 Division of Experimental Medicine, Department of Medicine, McGill University, Montreal, Quebec, Canada 4 Department of Genetics, Harvard Medical School, Boston, MA, USA",,
"Department of Statistics, Pennsylvania State University, University Park, PA",https://ror.org/04p491231,Pennsylvania State University
UCSC,https://ror.org/03s65by71,"University of California, Santa Cruz"
Dartmouth College,https://ror.org/049s0rh22,Dartmouth College
King Saud University,https://ror.org/02f81g417,King Saud University
Overleaf,,
"Bayerisches Geoinstitut, Universität Bayreuth, Bayreuth, Germany",https://ror.org/0234wmv40,University of Bayreuth
"Wisconsin Educational Communications Board, Park Falls, WI (US)",https://ror.org/04drdpz74,Wisconsin Educational Communications Board
University of Utah,https://ror.org/03r0ha626,University of Utah
"Division of Biology and Biological Engineering, Caltech",https://ror.org/05dxps055,California Institute of Technology
University of California Riverside,https://ror.org/03nawhv43,"University of California, Riverside"
" Institute of Environmental Physics, University of Bremen, Bremen (DE), Centre for Atmospheric Chemistry, School of Chemistry, University of Wollongong, Wollongong, NSW (AU) ",,
"LPG, UMR 6112, CNRS, Université de Nantes, 2 rue de la Houssinière, Nantes, France",https://ror.org/03gnr7b55,University of Nantes
